{"cameraMode":{"drawMode":0,"name":"Shaded","section":"Shading Mode"},"sceneLighting":false,"audioPlay":false,"sceneViewState":{"m_AlwaysRefresh":false,"showFog":true,"showSkybox":false,"showFlares":true,"showImageEffects":true,"showParticleSystems":true,"showVisualEffectGraphs":true,"m_FxEnabled":false},"in2DMode":false,"pivot":{"x":0.026435434818267823,"y":0.7816915512084961,"z":0.04689204692840576},"rotation":{"x":0.10953903943300247,"y":0.31622427701950076,"z":-0.0367865264415741,"w":0.9416218400001526},"size":1.307033658027649,"orthographic":false}